{
    "brains": [
        [
            5.755375790979343,
            -0.4890962082336916,
            6.104567185973579,
            9.701394578446005,
            -5.273277835809498,
            3.413024400150112,
            5.035875545236702,
            -5.362122088918609,
            7.257726435276649
        ],
        [
            5.755375790979343,
            -0.4890962082336916,
            6.104567185973579,
            9.701394578446005,
            -5.273277835809498,
            3.413024400150112,
            5.035875545236702,
            -5.991661639610743,
            7.257726435276649
        ]
    ],
    "result": [
        "loss",
        "loss"
    ],
    "turns": [
        38,
        38
    ],
    "generation": [
        1,
        1
    ],
    "score": [
        -0.865541462221766,
        -0.865541462221766
    ]
}